player_id,W,L,SV,ERA,G,GS,IP,HA,R,ER,HR,BB,K,WHIP,OAVG,BABIP,BF,FIP,K/9,BB/9,HR/9
6,7,18,0,5.08,32,32,180.7,201,110,102,23,63,200,1.46,0.271,0.342,806.0,3.69,10.0,3.1,1.1
9,11,7,0,4.95,33,33,200.0,244,126,110,24,75,153,1.59,0.289,0.33,919.0,4.36,6.9,3.4,1.1
10,10,11,0,4.07,32,32,196.7,189,98,89,24,94,150,1.44,0.243,0.273,873.0,4.69,6.9,4.3,1.1
18,15,6,0,3.36,33,33,190.0,170,80,71,22,65,205,1.24,0.23,0.288,805.0,3.57,9.7,3.1,1.0
19,16,11,0,4.57,31,31,208.7,228,111,106,14,49,223,1.33,0.267,0.347,903.0,2.64,9.6,2.1,0.6
20,2,1,2,3.06,27,0,35.3,32,15,12,4,23,56,1.56,0.232,0.359,161.0,3.45,14.3,5.9,1.0
22,0,0,0,9.0,1,0,1.0,1,1,1,0,2,0,3.0,0.25,0.25,6.0,9.2,0.0,18.0,0.0
26,7,1,1,4.27,68,0,86.3,82,44,41,6,46,115,1.48,0.24,0.345,387.0,3.04,12.0,4.8,0.6
39,15,9,0,3.98,34,34,205.7,202,107,91,26,63,182,1.29,0.247,0.288,882.0,3.99,8.0,2.8,1.1
44,5,0,2,1.07,36,0,58.7,28,7,7,1,34,93,1.06,0.137,0.245,238.0,1.99,14.3,5.2,0.2
53,3,5,2,3.32,48,0,62.3,53,29,23,4,47,98,1.6,0.221,0.355,287.0,3.15,14.2,6.8,0.6
139,10,18,0,7.11,33,33,181.0,263,161,143,37,56,113,1.76,0.326,0.345,862.0,5.54,5.6,2.8,1.8
163,4,6,5,3.88,41,0,53.3,40,24,23,9,22,93,1.16,0.2,0.316,222.0,3.14,15.7,3.7,1.5
186,10,16,0,5.41,31,31,169.7,188,105,102,22,70,114,1.52,0.27,0.296,767.0,4.78,6.0,3.7,1.2
188,2,2,1,4.85,25,0,42.7,41,24,23,2,17,69,1.36,0.243,0.398,186.0,1.77,14.5,3.6,0.4
190,8,17,0,6.94,31,31,150.3,190,126,116,27,69,133,1.72,0.296,0.339,710.0,5.14,8.0,4.1,1.6
202,4,4,5,2.61,74,0,79.3,51,26,23,3,42,101,1.17,0.176,0.259,331.0,2.73,11.5,4.8,0.3
230,13,11,0,4.47,34,34,187.3,188,108,93,23,71,162,1.38,0.251,0.292,821.0,4.2,7.8,3.4,1.1
256,3,1,2,4.55,43,0,91.0,99,50,46,14,34,99,1.46,0.266,0.328,406.0,4.15,9.8,3.4,1.4
260,3,1,2,4.01,48,0,110.0,115,51,49,15,40,107,1.41,0.258,0.31,485.0,4.12,8.8,3.3,1.2
275,6,2,3,2.15,32,0,50.3,47,15,12,5,10,59,1.13,0.237,0.313,208.0,2.74,10.6,1.8,0.9
299,4,0,0,4.09,47,0,77.0,65,36,35,10,26,74,1.18,0.22,0.259,322.0,3.98,8.6,3.0,1.2
341,4,2,3,4.11,62,0,105.0,81,49,48,11,63,150,1.37,0.205,0.298,459.0,3.5,12.9,5.4,0.9
424,3,4,2,4.14,57,0,71.7,71,36,33,4,43,59,1.59,0.248,0.3,329.0,4.08,7.4,5.4,0.5
426,3,0,0,1.96,30,0,41.3,29,9,9,2,14,51,1.04,0.19,0.27,167.0,2.38,11.1,3.1,0.4
657,20,7,0,3.6,33,33,192.3,183,89,77,22,58,221,1.25,0.241,0.311,818.0,3.29,10.3,2.7,1.0
713,9,11,0,4.7,36,4,203.0,208,110,106,26,51,199,1.28,0.255,0.307,868.0,3.66,8.8,2.3,1.2
716,13,12,0,3.28,33,33,208.3,182,84,76,19,68,216,1.2,0.226,0.285,875.0,3.29,9.3,2.9,0.8
1114,224,417,0,160.71999999999994,978,978,5177.8,5628,3393,3168,625,2745,4177,47.08000000000001,0.266,0.306,23906.0,4.75,7.3,4.8,1.1
1131,16,7,0,3.96,35,35,211.3,189,103,93,26,89,202,1.32,0.23,0.274,912.0,4.15,8.6,3.8,1.1
1179,14,8,0,4.35,32,32,194.3,181,100,94,33,62,233,1.25,0.237,0.297,826.0,3.97,10.8,2.9,1.5
2089,3,4,0,3.89,51,0,71.7,71,33,31,7,32,74,1.44,0.248,0.312,318.0,3.74,9.3,4.0,0.9
17886,5,2,0,4.27,42,0,59.0,63,29,28,6,31,66,1.59,0.262,0.339,271.0,3.86,10.1,4.7,0.9
17889,4,1,3,1.16,51,0,46.7,30,7,6,3,26,72,1.2,0.176,0.284,196.0,2.62,13.9,5.0,0.6
18306,18,12,0,3.85,34,34,236.0,223,106,101,38,41,262,1.12,0.24,0.293,972.0,3.59,10.0,1.6,1.4
18384,3,0,0,3.29,47,0,79.3,70,32,29,11,32,74,1.29,0.227,0.265,340.0,4.35,8.4,3.6,1.2
18405,22,7,0,2.82,33,33,230.0,184,74,72,19,56,293,1.04,0.211,0.294,930.0,2.46,11.5,2.2,0.7
18430,5,4,12,3.02,59,0,56.7,48,20,19,6,30,52,1.38,0.22,0.262,248.0,4.33,8.3,4.8,1.0
18445,14,12,0,5.17,34,34,205.3,232,123,118,26,60,190,1.42,0.274,0.326,908.0,3.87,8.3,2.6,1.1
18493,65,157,19,173.51,1881,579,3316.5,4001,2360,2206,571,1355,2747,46.849999999999994,0.287,0.323,15305.0,5.01,7.5,3.7,1.5
18504,2,1,4,4.21,43,0,92.0,88,47,43,9,44,107,1.43,0.242,0.319,408.0,3.58,10.5,4.3,0.9
18507,0,0,0,0.0,3,0,3.7,5,2,0,0,2,2,4.2,0.312,0.357,18.0,3.74,4.9,4.9,0.0
18521,9,12,0,4.79,33,33,180.3,210,116,96,23,59,163,1.49,0.28,0.331,810.0,4.03,8.1,2.9,1.1
18522,9,11,0,5.89,32,32,171.0,216,122,112,23,60,134,1.61,0.296,0.337,789.0,4.43,7.1,3.2,1.2
18534,7,1,2,3.62,63,0,79.7,67,33,32,6,27,97,1.18,0.219,0.3,333.0,2.76,11.0,3.0,0.7
18552,3,4,30,3.0,58,0,54.0,34,19,18,6,26,97,1.11,0.173,0.301,222.0,2.5,16.2,4.3,1.0
18572,18,4,0,4.06,32,4,166.3,156,84,75,22,58,177,1.29,0.238,0.294,713.0,3.84,9.6,3.1,1.2
18579,15,5,0,3.76,32,32,196.3,168,90,82,12,65,197,1.19,0.222,0.285,822.0,2.98,9.0,3.0,0.6
18625,4,1,2,3.98,49,0,113.0,118,53,50,19,16,114,1.19,0.258,0.306,473.0,3.79,9.1,1.3,1.5
18630,13,8,0,4.76,34,3,172.0,176,98,91,30,47,138,1.3,0.254,0.279,739.0,4.68,7.2,2.5,1.6
18645,17,3,0,4.05,32,32,204.7,192,100,92,32,53,186,1.2,0.238,0.272,859.0,4.19,8.2,2.3,1.4
18700,0,2,1,3.47,31,0,49.3,41,21,19,10,9,61,1.01,0.217,0.263,198.0,3.91,11.1,1.6,1.8
18762,4,1,3,3.09,47,0,81.7,72,32,28,11,19,98,1.11,0.227,0.293,336.0,3.25,10.8,2.1,1.2
18825,10,10,0,5.54,33,33,175.3,211,112,108,34,48,133,1.48,0.286,0.311,785.0,5.03,6.8,2.5,1.7
18847,17,8,0,4.49,33,33,200.3,191,105,100,26,59,222,1.25,0.241,0.303,851.0,3.55,10.0,2.7,1.2
18901,5,3,1,4.37,49,13,78.3,80,45,38,17,21,81,1.29,0.254,0.29,336.0,4.76,9.3,2.4,2.0
18969,0,0,0,73.66000000000001,13,0,18.8,32,21,17,2,16,8,22.71,0.364,0.385,104.0,6.29,3.8,7.7,1.0
18979,7,1,0,3.4,53,0,92.7,93,38,35,10,23,90,1.25,0.251,0.306,394.0,3.4,8.7,2.2,1.0
19064,20,8,0,3.02,34,34,205.3,179,78,69,21,62,253,1.17,0.225,0.303,857.0,2.97,11.1,2.7,0.9
19091,3,3,36,2.57,49,0,49.0,35,15,14,4,22,83,1.16,0.192,0.326,204.0,2.22,15.2,4.0,0.7
19096,1,10,4,4.26,53,0,57.0,53,27,27,6,34,79,1.53,0.237,0.338,258.0,3.59,12.5,5.4,0.9
19105,14,6,0,3.6,30,30,195.0,186,87,78,27,55,188,1.24,0.241,0.286,826.0,3.92,8.7,2.5,1.2
19110,27,3,0,3.08,34,34,234.0,207,92,80,21,47,314,1.09,0.228,0.324,956.0,2.29,12.1,1.8,0.8
19147,12,13,0,5.6,31,31,176.7,194,116,110,26,82,158,1.56,0.268,0.311,806.0,4.72,8.0,4.2,1.3
19160,15,10,0,3.77,34,34,224.7,207,103,94,24,48,211,1.14,0.235,0.283,929.0,3.35,8.5,1.9,1.0
19236,17,9,0,3.33,32,32,208.3,208,80,77,22,32,193,1.15,0.25,0.301,865.0,3.18,8.3,1.4,1.0
19524,8,10,0,6.31,32,32,167.0,215,129,117,35,58,142,1.63,0.3,0.334,774.0,5.27,7.7,3.1,1.9
20154,10,5,0,4.06,36,36,204.0,203,101,92,21,61,194,1.29,0.249,0.303,876.0,3.53,8.6,2.7,0.9
20407,5,1,1,3.44,48,0,89.0,73,35,34,12,58,124,1.47,0.215,0.299,398.0,4.12,12.5,5.9,1.2
20657,2,1,1,4.36,32,0,66.0,57,34,32,12,35,92,1.39,0.224,0.298,290.0,4.37,12.5,4.8,1.6
20867,8,11,0,4.38,32,32,152.0,154,78,74,21,77,161,1.52,0.252,0.311,687.0,4.4,9.5,4.6,1.2
20874,3,7,3,4.96,47,0,69.0,63,38,38,8,32,65,1.38,0.233,0.279,302.0,4.21,8.5,4.2,1.0
21040,18,6,0,3.19,33,33,226.0,199,88,80,21,60,240,1.15,0.227,0.289,937.0,3.08,9.6,2.4,0.8
21150,2,2,0,5.03,33,0,48.3,41,28,27,7,30,55,1.47,0.22,0.274,216.0,4.67,10.2,5.6,1.3
21152,4,4,0,3.91,63,0,94.3,98,49,41,8,45,84,1.52,0.257,0.311,426.0,3.95,8.0,4.3,0.8
21263,4,2,1,5.74,37,0,58.0,71,39,37,17,21,65,1.59,0.29,0.331,266.0,5.86,10.1,3.3,2.6
21417,15,8,0,3.44,33,33,214.7,193,85,82,18,73,230,1.24,0.231,0.297,910.0,3.17,9.6,3.1,0.8
21453,18,8,0,3.71,35,35,206.3,163,92,85,22,54,239,1.05,0.208,0.271,836.0,3.05,10.4,2.4,1.0
21482,2,3,45,1.35,60,0,60.0,33,10,9,6,22,92,0.92,0.155,0.235,235.0,2.53,13.8,3.3,0.9
21793,4,2,1,2.67,66,0,84.3,78,28,25,6,33,93,1.32,0.236,0.31,364.0,3.09,9.9,3.5,0.6
21894,2,2,6,5.14,45,0,89.3,83,53,51,6,58,94,1.58,0.236,0.307,409.0,3.92,9.5,5.8,0.6
22051,14,11,0,5.22,32,32,196.7,256,118,114,19,40,116,1.51,0.303,0.333,886.0,3.89,5.3,1.8,0.9
22311,2,7,47,2.76,65,0,62.0,45,23,19,9,18,88,1.02,0.195,0.269,249.0,3.12,12.8,2.6,1.3
22354,18,8,0,4.75,35,35,216.0,235,119,114,20,79,254,1.45,0.266,0.353,962.0,3.15,10.6,3.3,0.8
22450,9,1,3,3.63,50,0,69.3,66,31,28,8,26,62,1.33,0.241,0.284,300.0,4.04,8.1,3.4,1.0
22465,3,2,2,4.63,45,0,44.7,52,23,23,7,19,42,1.59,0.28,0.328,205.0,4.63,8.5,3.8,1.4
22946,3,3,40,2.95,56,0,55.0,34,19,18,7,24,65,1.05,0.171,0.213,223.0,3.8,10.6,3.9,1.1
23128,0,1,3,5.5,37,0,52.3,73,33,32,7,18,50,1.74,0.317,0.382,248.0,4.06,8.6,3.1,1.2
23182,0,0,0,0.0,1,0,1.3,1,0,0,0,1,2,1.5,0.2,0.333,6.0,2.43,13.8,6.9,0.0
23190,12,11,0,4.18,32,32,204.3,202,99,95,28,70,153,1.33,0.248,0.274,885.0,4.51,6.7,3.1,1.2
23270,15,6,0,3.97,31,31,190.3,184,85,84,19,54,171,1.25,0.244,0.292,809.0,3.55,8.1,2.6,0.9
23360,5,2,2,3.7,38,0,56.0,59,27,23,11,12,77,1.27,0.26,0.345,239.0,3.65,12.4,1.9,1.8
23420,11,9,0,4.37,31,31,187.3,194,96,91,28,54,165,1.32,0.257,0.295,810.0,4.25,7.9,2.6,1.3
23436,4,2,49,2.13,72,0,63.3,41,16,15,5,12,79,0.84,0.177,0.245,243.0,2.3,11.2,1.7,0.7
23577,17,10,0,2.9,34,34,241.7,247,86,78,20,34,262,1.16,0.254,0.329,1006.0,2.53,9.8,1.3,0.7
23689,17,8,0,4.02,33,33,221.7,204,107,99,23,63,228,1.2,0.235,0.293,932.0,3.34,9.3,2.6,0.9
23730,1,4,1,4.2,58,0,85.7,93,42,40,9,28,103,1.41,0.266,0.353,378.0,3.14,10.8,2.9,0.9
23739,6,2,4,4.4,48,0,71.7,77,36,35,8,26,62,1.44,0.264,0.311,318.0,4.01,7.8,3.3,1.0
23776,9,6,2,4.96,64,0,78.0,88,47,43,11,25,106,1.45,0.273,0.376,347.0,3.28,12.2,2.9,1.3
23779,1,2,1,3.86,38,0,77.0,83,34,33,11,20,66,1.34,0.264,0.304,334.0,4.12,7.7,2.3,1.3
23823,6,2,2,4.14,51,0,74.0,58,38,34,5,50,103,1.46,0.207,0.308,330.0,3.32,12.5,6.1,0.6
23864,5,4,0,3.35,50,0,75.3,64,29,28,9,38,100,1.35,0.221,0.304,328.0,3.61,12.0,4.5,1.1
23909,3,1,1,2.73,40,0,62.7,40,20,19,5,41,77,1.29,0.175,0.24,269.0,3.74,11.1,5.9,0.7
24007,4,4,5,4.15,60,0,56.3,39,29,26,4,29,56,1.21,0.188,0.236,237.0,3.68,9.0,4.6,0.6
24057,11,5,1,4.43,35,2,156.3,175,92,77,24,64,123,1.53,0.272,0.304,708.0,4.85,7.1,3.7,1.4
24131,4,1,4,2.32,43,0,62.0,42,19,16,5,30,88,1.16,0.184,0.274,258.0,2.86,12.8,4.4,0.7
24161,18,7,0,3.45,35,35,211.3,194,88,81,16,49,179,1.15,0.234,0.281,877.0,3.19,7.6,2.1,0.7
24258,5,2,41,2.53,63,0,53.3,27,16,15,2,38,86,1.22,0.144,0.253,225.0,2.6,14.5,6.4,0.3
24281,15,8,0,4.79,35,35,184.0,210,102,98,16,71,156,1.53,0.276,0.329,833.0,3.79,7.6,3.5,0.8
24383,2,2,1,4.59,53,0,80.3,73,44,41,10,58,93,1.63,0.232,0.299,372.0,4.67,10.4,6.5,1.1
24475,7,11,0,5.05,32,32,178.3,223,110,100,28,44,161,1.5,0.294,0.343,802.0,4.18,8.1,2.2,1.4
24503,7,3,1,2.53,50,0,74.7,59,23,21,6,18,79,1.03,0.208,0.268,301.0,2.85,9.5,2.2,0.7
24515,1,3,42,2.77,58,0,61.7,50,21,19,5,12,89,1.01,0.213,0.319,247.0,1.95,13.0,1.8,0.7
24516,4,2,1,3.82,39,0,75.3,61,33,32,13,36,95,1.29,0.213,0.268,323.0,4.36,11.4,4.3,1.6
24836,3,3,4,3.25,43,0,55.3,55,21,20,6,16,57,1.28,0.249,0.31,237.0,3.42,9.3,2.6,1.0
24970,2,2,3,2.64,35,0,58.0,45,17,17,8,13,70,1.0,0.205,0.262,232.0,3.25,10.9,2.0,1.2
25009,14,7,0,3.86,33,33,212.3,212,104,91,33,72,215,1.34,0.25,0.298,921.0,4.21,9.1,3.1,1.4
25044,3,3,2,5.0,43,0,63.0,53,35,35,10,22,71,1.19,0.219,0.267,264.0,4.06,10.1,3.1,1.4
25050,11,9,0,4.13,30,30,187.3,184,92,86,28,47,170,1.23,0.247,0.285,793.0,4.08,8.2,2.3,1.3
25083,5,1,4,3.54,48,0,61.0,67,25,24,5,24,70,1.49,0.268,0.354,274.0,3.15,10.3,3.5,0.7
25133,13,7,0,4.18,32,32,157.3,124,78,73,17,71,196,1.24,0.208,0.279,667.0,3.47,11.2,4.1,1.0
25210,12,16,0,4.52,32,32,193.0,193,112,97,24,74,211,1.38,0.25,0.315,846.0,3.78,9.8,3.5,1.1
25367,2,1,3,4.06,36,0,57.7,53,26,26,3,23,62,1.32,0.235,0.311,249.0,2.92,9.7,3.6,0.5
25369,3,6,10,2.2,58,0,49.0,26,12,12,2,23,81,1.0,0.15,0.267,196.0,1.83,14.9,4.2,0.4
25381,5,6,5,2.85,55,0,47.3,41,17,15,3,31,62,1.52,0.224,0.322,214.0,3.37,11.8,5.9,0.6
25429,11,5,0,4.19,27,27,154.7,157,75,72,21,48,144,1.33,0.253,0.298,669.0,4.03,8.4,2.8,1.2
25470,8,16,0,5.19,32,32,182.0,214,112,105,29,35,204,1.37,0.282,0.351,795.0,3.61,10.1,1.7,1.4
25474,1,3,1,3.61,34,0,47.3,58,20,19,4,6,42,1.35,0.29,0.351,206.0,2.9,8.0,1.1,0.8
25515,2,3,2,5.36,32,0,48.7,56,29,29,6,18,45,1.52,0.277,0.331,220.0,4.06,8.3,3.3,1.1
25644,6,2,2,3.56,60,0,86.0,82,35,34,8,33,136,1.34,0.241,0.378,373.0,2.4,14.2,3.5,0.8
25944,227,440,0,168.75,936,936,5395.4,7133,3725,3445,828,989,3004,43.87,0.306,0.324,24308.0,4.63,5.0,1.6,1.4
25945,3,7,35,2.77,58,0,52.0,31,17,16,1,40,86,1.37,0.166,0.3,227.0,2.45,14.9,6.9,0.2
25968,18,3,0,2.99,31,31,217.0,203,77,72,24,42,263,1.13,0.238,0.316,896.0,2.79,10.9,1.7,1.0
25996,7,10,2,5.15,66,30,85.7,71,52,49,10,50,125,1.41,0.216,0.316,378.0,3.55,13.1,5.3,1.1
26082,16,7,0,3.85,33,33,220.0,184,97,94,29,54,201,1.08,0.218,0.252,898.0,3.82,8.2,2.2,1.2
26298,14,13,0,3.78,33,33,195.3,195,87,82,23,50,207,1.25,0.25,0.312,831.0,3.38,9.5,2.3,1.1
26430,6,4,8,1.77,45,0,56.0,30,13,11,1,23,69,0.95,0.152,0.227,221.0,2.2,11.1,3.7,0.2
26470,5,0,2,2.37,43,0,60.7,50,17,16,5,16,60,1.09,0.216,0.269,248.0,3.08,8.9,2.4,0.7
26591,7,0,3,2.42,44,0,107.7,82,31,29,5,31,120,1.05,0.202,0.275,436.0,2.44,10.0,2.6,0.4
26703,4,4,1,3.8,69,21,87.7,85,39,37,5,38,100,1.4,0.244,0.329,386.0,2.96,10.3,3.9,0.5
26778,8,11,0,5.77,31,31,163.7,195,117,105,23,61,107,1.56,0.284,0.309,747.0,4.84,5.9,3.4,1.3
27304,5,5,28,4.14,57,0,50.0,44,23,23,3,26,82,1.4,0.227,0.376,220.0,2.26,14.8,4.7,0.5
27396,1,4,1,3.55,63,24,78.7,70,34,31,4,64,100,1.7,0.229,0.327,370.0,3.76,11.4,7.3,0.5
27698,14,6,0,3.47,31,31,207.7,205,84,80,25,50,187,1.23,0.248,0.292,878.0,3.69,8.1,2.2,1.1
27914,1,0,1,3.04,38,0,50.3,48,22,17,6,34,58,1.63,0.241,0.311,233.0,4.47,10.4,6.1,1.1
28043,103,74,31,130.01,1651,5,2551.1,2400,1368,1272,329,1328,2964,42.269999999999996,0.239,0.306,11381.0,4.11,10.5,4.7,1.2
28147,18,8,0,4.99,33,33,184.0,191,105,102,25,72,174,1.43,0.257,0.305,815.0,4.25,8.5,3.5,1.2
28260,3,5,1,2.72,60,0,86.0,65,29,26,6,46,96,1.29,0.201,0.267,369.0,3.48,10.0,4.8,0.6
28337,2,1,0,5.98,28,0,40.7,51,29,27,6,18,50,1.7,0.295,0.385,191.0,3.99,11.1,4.0,1.3
28365,17,9,0,4.79,31,31,184.0,191,100,98,36,46,184,1.29,0.257,0.296,789.0,4.49,9.0,2.2,1.8
28371,9,10,0,4.16,30,30,181.7,159,88,84,20,48,193,1.14,0.226,0.283,752.0,3.3,9.6,2.4,1.0
28455,4,7,5,2.13,49,0,71.7,36,17,17,2,33,77,0.96,0.143,0.198,284.0,2.8,9.7,4.1,0.3
28572,2,4,9,2.03,58,0,57.7,43,14,13,2,24,79,1.16,0.199,0.304,240.0,2.16,12.3,3.7,0.3
28607,2,0,2,3.6,21,0,30.0,29,14,12,2,21,39,1.67,0.244,0.346,140.0,3.57,11.7,6.3,0.6
28612,4,3,2,3.02,44,0,59.7,48,24,20,2,40,76,1.47,0.211,0.309,267.0,3.1,11.5,6.0,0.3
28615,8,9,0,5.15,32,32,185.3,208,110,106,26,78,154,1.54,0.272,0.312,842.0,4.62,7.5,3.8,1.3
28621,12,12,0,4.49,32,32,196.3,219,104,98,17,49,132,1.37,0.271,0.307,857.0,3.73,6.1,2.2,0.8
28637,0,1,0,3.63,25,0,34.7,28,15,14,6,15,46,1.24,0.212,0.275,147.0,4.09,11.9,3.9,1.6
28860,6,3,9,1.15,55,0,55.0,32,7,7,1,26,81,1.05,0.162,0.27,223.0,1.91,13.3,4.3,0.2
28926,5,3,3,3.46,51,0,54.7,42,23,21,3,21,70,1.15,0.204,0.293,227.0,2.51,11.5,3.5,0.5
28946,9,12,0,3.96,32,32,166.0,153,80,73,22,79,155,1.4,0.235,0.276,730.0,4.48,8.4,4.3,1.2
28956,15,5,0,3.76,31,31,193.7,208,92,81,26,32,177,1.24,0.264,0.311,821.0,3.61,8.2,1.5,1.2
28957,7,2,8,1.92,57,0,65.7,45,19,14,7,28,72,1.11,0.186,0.233,270.0,3.67,9.9,3.8,1.0
29103,5,4,3,3.44,65,0,81.0,65,34,31,8,29,101,1.16,0.211,0.286,337.0,3.06,11.2,3.2,0.9
29132,1,0,0,3.45,32,0,60.0,61,23,23,7,16,42,1.28,0.253,0.281,257.0,4.12,6.3,2.4,1.0
29205,4,3,2,3.38,37,0,56.0,42,21,21,3,21,64,1.13,0.2,0.273,231.0,2.74,10.3,3.4,0.5
29249,3,2,1,4.28,53,0,73.7,72,36,35,8,24,85,1.3,0.246,0.32,317.0,3.28,10.4,2.9,1.0
29407,7,2,1,4.07,47,0,104.0,83,47,47,12,46,141,1.24,0.21,0.293,441.0,3.32,12.2,4.0,1.0
29486,3,3,1,4.41,50,1,63.3,61,32,31,12,35,71,1.52,0.243,0.292,286.0,5.08,10.1,5.0,1.7
29591,12,11,0,4.13,34,34,207.0,201,99,95,34,59,192,1.26,0.245,0.28,881.0,4.34,8.3,2.6,1.5
29632,3,8,43,3.3,62,0,62.7,43,24,23,7,22,95,1.04,0.186,0.279,253.0,2.67,13.6,3.2,1.0
29652,4,5,5,3.45,39,0,44.3,41,17,17,2,12,53,1.2,0.236,0.328,186.0,2.21,10.8,2.4,0.4
29669,82,74,29,147.71999999999997,1511,13,1967.3,2164,1219,1120,263,976,1850,46.21000000000001,0.268,0.319,9042.0,4.55,8.5,4.5,1.2
29678,3,6,40,3.44,57,0,55.0,41,21,21,4,30,72,1.29,0.199,0.285,236.0,3.16,11.8,4.9,0.7
29685,5,6,36,2.87,56,0,53.3,37,18,17,8,28,67,1.22,0.188,0.238,225.0,4.21,11.3,4.7,1.4
29707,1,4,34,2.24,58,0,64.3,44,18,16,3,24,81,1.06,0.186,0.268,261.0,2.41,11.3,3.4,0.4
29743,13,10,0,4.41,32,32,196.0,207,108,96,14,65,202,1.39,0.26,0.333,860.0,3.06,9.3,3.0,0.6
29802,6,2,3,2.75,53,0,52.3,34,18,16,3,24,59,1.11,0.178,0.24,215.0,3.07,10.2,4.1,0.5
29821,3,4,0,3.12,30,0,40.3,33,16,14,4,18,48,1.26,0.214,0.284,172.0,3.45,10.7,4.0,0.9
29835,11,7,0,4.96,31,31,181.3,204,103,100,25,59,186,1.45,0.273,0.333,807.0,3.92,9.2,2.9,1.2
29863,2,2,1,2.33,65,0,100.3,101,29,26,3,11,59,1.12,0.251,0.288,413.0,2.74,5.3,1.0,0.3
29866,3,1,4,2.67,44,0,54.0,35,17,16,10,13,81,0.89,0.178,0.236,210.0,3.33,13.5,2.2,1.7
29867,18,11,0,3.1,34,34,232.3,233,93,80,20,70,163,1.3,0.251,0.285,1000.0,3.82,6.3,2.7,0.8
29918,1,2,3,3.43,51,0,65.7,46,25,25,5,32,78,1.19,0.189,0.256,275.0,3.28,10.7,4.4,0.7
29946,3,1,1,3.53,46,0,63.7,66,27,25,3,26,74,1.45,0.257,0.35,283.0,2.71,10.5,3.7,0.4
29997,18,6,0,3.11,33,33,214.0,192,82,74,22,49,254,1.13,0.23,0.305,883.0,2.85,10.7,2.1,0.9
30001,12,9,0,4.14,33,33,217.3,209,108,100,31,65,192,1.26,0.243,0.279,926.0,4.18,8.0,2.7,1.3
30058,6,5,11,3.56,64,0,60.7,51,24,24,10,19,78,1.15,0.219,0.283,252.0,3.71,11.6,2.8,1.5
30115,5,5,6,2.14,59,0,71.3,33,19,17,5,29,106,0.87,0.134,0.206,276.0,2.36,13.4,3.7,0.6
30117,100,122,122,118.27,1628,0,1687.6,1353,817,764,257,861,2483,38.03,0.211,0.298,7277.0,3.77,13.2,4.6,1.4
30124,3,2,0,5.07,59,0,71.0,79,40,40,10,29,87,1.52,0.271,0.354,321.0,3.81,11.0,3.7,1.3
30175,7,3,8,1.39,50,0,51.7,28,8,8,2,28,62,1.08,0.153,0.218,211.0,2.93,10.8,4.9,0.3
30226,16,7,0,3.47,31,31,210.3,223,84,81,22,38,174,1.24,0.261,0.305,892.0,3.45,7.4,1.6,0.9
30247,3,3,5,3.72,50,0,48.3,35,23,20,4,43,76,1.61,0.194,0.31,223.0,3.8,14.2,8.0,0.7
30267,4,2,9,3.3,61,0,60.0,46,24,22,6,23,102,1.15,0.204,0.339,249.0,2.25,15.3,3.4,0.9
30295,20,5,0,2.73,33,33,231.0,174,72,70,14,72,239,1.06,0.201,0.261,939.0,2.85,9.3,2.8,0.5
30297,11,15,0,5.34,33,33,202.3,229,126,120,26,61,141,1.43,0.274,0.303,897.0,4.38,6.3,2.7,1.2
30307,7,11,0,4.61,31,31,158.0,168,100,81,23,65,166,1.47,0.262,0.32,707.0,4.23,9.5,3.7,1.3
30313,8,16,0,4.83,33,33,210.7,205,118,113,30,83,198,1.37,0.245,0.287,920.0,4.35,8.5,3.5,1.3
30314,6,2,1,4.0,61,0,96.7,102,46,43,8,64,114,1.72,0.26,0.348,456.0,3.9,10.6,6.0,0.7
30323,18,9,0,3.36,33,33,222.3,229,88,83,28,42,192,1.22,0.256,0.297,938.0,3.68,7.8,1.7,1.1
30325,0,0,1,4.93,43,0,76.7,81,43,42,9,45,80,1.64,0.26,0.324,356.0,4.4,9.4,5.3,1.1
30327,17,8,0,2.94,33,33,223.7,185,74,73,22,42,274,1.01,0.216,0.291,898.0,2.59,11.0,1.7,0.9
30328,10,6,0,3.67,33,33,186.3,154,82,76,25,77,175,1.24,0.216,0.251,790.0,4.31,8.5,3.7,1.2
30418,11,9,0,3.81,33,33,189.0,163,88,80,16,99,259,1.39,0.223,0.323,829.0,3.13,12.3,4.7,0.8
30427,2,2,2,3.76,45,0,76.7,65,32,32,9,24,94,1.16,0.22,0.292,319.0,3.21,11.0,2.8,1.1
30481,1,3,3,5.59,37,0,66.0,78,41,41,8,21,87,1.5,0.283,0.387,297.0,3.09,11.9,2.9,1.1
30523,20,6,0,3.09,33,33,236.0,198,84,81,24,55,249,1.07,0.219,0.275,961.0,3.11,9.5,2.1,0.9
30553,13,9,0,3.06,32,32,235.0,205,82,80,18,61,293,1.13,0.225,0.312,971.0,2.48,11.2,2.3,0.7
30623,122,163,47,126.75999999999999,1523,0,2019.0,1928,1035,986,220,987,2387,41.87999999999999,0.241,0.318,8972.0,3.72,10.6,4.4,1.0
30730,12,7,0,5.01,30,30,156.3,171,92,87,16,78,135,1.59,0.267,0.317,718.0,4.3,7.8,4.5,0.9
30754,2,0,2,3.06,26,0,35.3,31,13,12,3,7,54,1.08,0.226,0.35,144.0,1.84,13.8,1.8,0.8
30783,13,2,1,2.97,43,0,63.7,52,22,21,2,21,63,1.15,0.214,0.281,264.0,2.62,8.9,3.0,0.3
30914,18,8,0,3.61,32,32,199.7,176,86,80,28,69,209,1.23,0.227,0.275,844.0,3.97,9.4,3.1,1.3
30955,1,4,1,3.86,67,0,84.0,86,36,36,2,18,59,1.24,0.254,0.303,356.0,2.75,6.3,1.9,0.2
31031,15,8,0,3.32,33,33,214.3,172,88,79,19,70,219,1.13,0.211,0.265,885.0,3.29,9.2,2.9,0.8
31074,1,1,1,2.72,29,0,43.0,38,14,13,5,8,36,1.07,0.228,0.262,175.0,3.6,7.5,1.7,1.0
31076,3,1,2,2.81,35,0,57.7,40,18,18,3,32,77,1.25,0.188,0.278,245.0,2.87,12.0,5.0,0.5
31114,2,1,3,4.64,36,0,52.3,54,28,27,8,25,74,1.51,0.256,0.357,236.0,3.79,12.7,4.3,1.4
31122,0,0,0,5.4,1,0,1.7,1,1,1,0,3,0,2.4,0.167,0.167,9.0,8.49,0.0,15.9,0.0
31193,2,4,4,4.76,56,0,102.0,101,58,54,12,45,99,1.43,0.248,0.301,452.0,4.11,8.7,4.0,1.1
31230,13,8,0,3.6,30,30,202.3,193,89,81,30,54,191,1.22,0.241,0.282,854.0,4.04,8.5,2.4,1.3
31231,14,10,0,3.51,33,33,213.0,199,89,83,23,46,251,1.15,0.237,0.312,884.0,2.89,10.6,1.9,1.0
31251,8,13,0,5.85,33,33,189.3,210,129,123,37,70,183,1.48,0.27,0.31,848.0,4.92,8.7,3.3,1.8
31266,8,3,4,2.89,46,0,53.0,36,18,17,4,36,75,1.36,0.185,0.276,231.0,3.39,12.7,6.1,0.7
31294,1,2,5,3.27,32,0,44.0,26,17,16,7,20,76,1.05,0.165,0.253,178.0,3.18,15.5,4.1,1.4
31325,3,1,1,5.13,33,0,47.3,44,29,27,10,33,69,1.63,0.237,0.318,219.0,5.12,13.1,6.3,1.9
31354,0,0,0,37.8,4,0,3.7,6,5,5,1,6,1,14.4,0.353,0.333,23.0,11.04,2.4,14.6,2.4
31361,15,9,0,3.97,34,34,219.7,246,116,97,29,32,189,1.27,0.272,0.316,937.0,3.63,7.7,1.3,1.2
31379,2,1,1,3.48,41,0,64.7,60,27,25,11,18,77,1.21,0.236,0.295,272.0,3.86,10.7,2.5,1.5
31481,19,7,0,3.87,33,33,193.0,194,98,83,26,69,208,1.36,0.251,0.312,842.0,3.87,9.7,3.2,1.2
31530,13,14,0,3.86,32,32,200.3,189,98,86,22,66,232,1.27,0.239,0.312,856.0,3.3,10.4,3.0,1.0
31531,17,13,0,3.98,36,36,183.0,192,87,81,25,49,189,1.32,0.259,0.317,790.0,3.71,9.3,2.4,1.2
31555,16,9,0,3.42,33,33,207.7,172,86,79,18,78,256,1.2,0.216,0.296,873.0,2.99,11.1,3.4,0.8
31617,11,12,0,4.31,33,33,171.3,175,91,82,30,40,173,1.25,0.254,0.298,729.0,4.16,9.1,2.1,1.6
31714,9,15,0,4.51,32,32,189.7,194,97,95,21,56,165,1.32,0.254,0.3,819.0,3.79,7.8,2.7,1.0
31732,4,8,32,2.65,59,0,54.3,38,16,16,4,18,83,1.03,0.189,0.298,219.0,2.1,13.8,3.0,0.7
31748,7,3,5,2.83,44,0,66.7,51,21,21,3,23,89,1.11,0.203,0.302,274.0,2.15,12.0,3.1,0.4
31770,7,3,5,2.76,64,0,62.0,53,19,19,5,31,87,1.35,0.222,0.327,270.0,2.94,12.6,4.5,0.7
31776,7,6,1,5.01,53,0,70.0,70,40,39,13,19,92,1.27,0.25,0.326,299.0,3.8,11.8,2.4,1.7
31819,2,13,1,6.87,52,0,57.7,66,44,44,5,53,64,2.06,0.276,0.359,292.0,4.86,10.0,8.3,0.8
31856,5,4,1,3.74,58,30,77.0,71,33,32,11,24,71,1.23,0.235,0.273,326.0,4.15,8.3,2.8,1.3
31865,3,2,0,5.34,47,0,84.3,90,53,50,8,55,84,1.72,0.262,0.327,398.0,4.4,9.0,5.9,0.9
31903,15,9,0,4.99,32,32,198.3,218,123,110,29,65,214,1.43,0.268,0.332,878.0,3.93,9.7,3.0,1.3
31906,17,6,0,4.76,33,33,209.7,246,123,111,28,51,150,1.42,0.281,0.313,926.0,4.23,6.4,2.2,1.2
31908,6,2,1,3.94,56,0,98.3,88,48,43,18,44,142,1.34,0.23,0.314,427.0,4.03,13.0,4.0,1.6
32003,0,3,0,3.71,35,0,51.0,42,22,21,8,19,65,1.2,0.215,0.279,214.0,3.81,11.5,3.4,1.4
32020,3,6,37,3.72,59,0,67.7,57,28,28,7,28,81,1.26,0.219,0.291,288.0,3.39,10.8,3.7,0.9
32103,3,1,1,3.68,36,0,63.7,57,27,26,7,31,80,1.38,0.23,0.311,279.0,3.58,11.3,4.4,1.0
32143,12,8,0,5.56,29,29,160.3,189,102,99,27,50,150,1.49,0.282,0.329,720.0,4.45,8.4,2.8,1.5
32162,5,3,2,1.49,37,0,48.3,31,11,8,0,19,75,1.03,0.176,0.307,195.0,1.27,14.0,3.5,0.0
32217,16,12,0,3.53,33,33,221.7,207,97,87,25,46,176,1.14,0.237,0.271,918.0,3.7,7.1,1.9,1.0
32220,127,166,931,106.46000000000001,1584,0,1607.2,1306,691,650,156,818,2122,38.51,0.213,0.299,6946.0,3.35,11.9,4.6,0.9
32223,13,10,0,4.73,34,34,220.7,233,121,116,32,68,225,1.36,0.26,0.315,963.0,3.97,9.2,2.8,1.3
32263,3,0,0,4.36,39,0,53.7,54,28,26,8,31,81,1.58,0.251,0.365,246.0,3.85,13.6,5.2,1.3
32267,3,1,2,3.22,38,0,58.7,65,22,21,8,12,59,1.31,0.27,0.328,253.0,3.57,9.0,1.8,1.2
32279,15,9,0,3.68,33,33,193.3,161,84,79,21,53,215,1.11,0.217,0.277,794.0,3.21,10.0,2.5,1.0
32284,2,5,6,2.45,51,0,51.3,50,16,14,4,18,79,1.32,0.245,0.38,222.0,2.19,13.9,3.2,0.7
32297,5,3,2,3.11,43,0,63.7,55,25,22,5,19,78,1.16,0.224,0.307,265.0,2.67,11.0,2.7,0.7
32317,19,4,0,3.01,34,34,230.0,195,81,77,31,40,230,1.02,0.22,0.263,925.0,3.47,9.0,1.6,1.2
32324,16,7,0,3.67,34,34,211.0,215,92,86,20,55,160,1.28,0.254,0.292,903.0,3.7,6.8,2.3,0.9
32337,4,10,40,4.26,67,0,61.3,51,29,29,8,42,98,1.52,0.217,0.333,277.0,3.75,14.4,6.2,1.2
32340,2,3,4,2.86,54,0,100.7,84,36,32,13,36,127,1.19,0.218,0.289,422.0,3.43,11.4,3.2,1.2
32353,21,4,0,3.69,33,33,204.7,191,88,84,24,75,190,1.3,0.237,0.283,880.0,3.97,8.4,3.3,1.1
32372,14,8,0,4.33,31,31,193.3,191,99,93,24,73,188,1.37,0.248,0.299,844.0,4.0,8.8,3.4,1.1
32378,2,1,0,2.04,36,0,17.7,18,11,4,2,12,20,1.7,0.254,0.327,83.0,4.44,10.2,6.1,1.0
32383,6,2,4,3.93,51,0,52.7,44,24,23,6,26,74,1.33,0.218,0.311,228.0,3.35,12.6,4.4,1.0
32388,2,2,2,2.03,45,0,62.0,44,14,14,5,7,88,0.82,0.191,0.285,237.0,1.75,12.8,1.0,0.7
32402,3,3,0,5.93,42,0,57.7,66,41,38,6,29,80,1.65,0.276,0.392,268.0,3.29,12.5,4.5,0.9
32407,9,9,0,4.52,31,31,179.3,191,103,90,10,78,167,1.5,0.262,0.328,807.0,3.37,8.4,3.9,0.5
32427,247,243,1,143.36999999999995,965,216,4349.0,4565,2525,2357,559,1834,3328,42.97,0.259,0.292,19446.0,4.61,6.9,3.8,1.2
32452,8,0,1,2.81,50,0,93.0,75,31,29,10,29,106,1.12,0.212,0.273,383.0,3.25,10.3,2.8,1.0
32466,3,1,1,5.06,35,0,85.3,96,49,48,16,29,91,1.46,0.273,0.327,381.0,4.52,9.6,3.1,1.7
32470,8,9,0,4.88,32,32,182.7,166,110,99,17,86,227,1.38,0.232,0.317,800.0,3.34,11.2,4.2,0.8
32475,2,1,32,1.58,49,0,51.3,42,9,9,2,8,64,0.97,0.214,0.308,204.0,1.68,11.2,1.4,0.4
32492,2,3,39,1.92,57,0,56.3,39,13,12,3,11,80,0.89,0.188,0.288,219.0,1.64,12.8,1.8,0.5
32497,4,1,0,4.11,54,0,92.0,102,45,42,10,37,136,1.51,0.27,0.397,415.0,2.86,13.3,3.6,1.0
32502,4,3,0,4.67,43,0,61.7,57,32,32,5,25,85,1.33,0.236,0.342,267.0,2.71,12.4,3.6,0.7
32532,5,1,0,2.18,36,0,57.7,34,14,14,5,29,94,1.09,0.164,0.269,236.0,2.58,14.7,4.5,0.8
32550,9,10,0,5.18,30,30,179.0,202,116,103,28,50,144,1.41,0.273,0.307,789.0,4.46,7.2,2.5,1.4
32764,12,11,0,5.5,31,31,193.0,231,123,118,20,74,144,1.58,0.285,0.327,884.0,4.21,6.7,3.5,0.9
32790,9,14,0,4.23,35,34,195.7,180,100,92,18,76,204,1.31,0.235,0.297,843.0,3.48,9.4,3.5,0.8
32799,1,1,2,4.21,55,0,83.3,81,43,39,8,35,67,1.39,0.245,0.285,366.0,4.1,7.2,3.8,0.9
32800,12,5,0,4.08,32,32,187.3,172,90,85,21,70,188,1.29,0.234,0.288,804.0,3.77,9.0,3.4,1.0
32808,12,6,0,4.44,32,32,186.7,195,98,92,32,59,179,1.36,0.258,0.3,814.0,4.46,8.6,2.8,1.5
32813,18,10,0,3.06,35,35,229.3,203,82,78,10,77,213,1.22,0.228,0.289,968.0,2.92,8.4,3.0,0.4
32818,9,2,3,2.94,52,0,70.3,47,25,23,5,33,110,1.14,0.182,0.294,291.0,2.4,14.1,4.2,0.6
32846,2,0,2,3.03,25,0,38.7,36,13,13,1,15,50,1.32,0.237,0.347,167.0,2.11,11.6,3.5,0.2
32851,2,2,10,2.92,60,0,61.7,59,23,20,5,15,63,1.2,0.242,0.307,259.0,2.94,9.2,2.2,0.7
32884,8,3,0,3.77,55,0,74.0,58,31,31,7,24,64,1.11,0.207,0.244,304.0,3.67,7.8,2.9,0.9
32889,8,3,3,1.93,54,0,70.0,49,17,15,3,42,102,1.3,0.189,0.299,301.0,2.64,13.1,5.4,0.4
32893,14,10,0,4.23,32,32,193.7,198,99,91,21,60,228,1.33,0.254,0.334,839.0,3.18,10.6,2.8,1.0
32914,4,2,1,2.76,63,27,65.3,47,22,20,5,52,124,1.52,0.193,0.368,295.0,2.79,17.1,7.2,0.7
33044,5,13,0,7.0,32,32,169.7,241,141,132,21,60,101,1.77,0.321,0.35,810.0,4.68,5.4,3.2,1.1
33049,12,10,0,2.98,31,31,169.3,150,61,56,20,32,182,1.07,0.228,0.285,690.0,3.15,9.7,1.7,1.1
33056,1,7,34,2.85,65,0,53.7,39,18,17,8,19,87,1.08,0.195,0.295,219.0,2.96,14.6,3.2,1.3
33094,1,2,4,3.28,40,0,46.7,35,17,17,7,27,61,1.33,0.2,0.262,202.0,4.27,11.8,5.2,1.3
33330,1,9,34,3.64,57,0,59.3,49,24,24,4,38,82,1.47,0.216,0.319,265.0,3.23,12.4,5.8,0.6
33357,14,10,0,5.12,31,31,186.3,235,112,106,26,35,141,1.45,0.296,0.333,829.0,4.06,6.8,1.7,1.3
33474,2,3,31,2.77,55,0,48.7,30,15,15,6,21,104,1.05,0.17,0.364,197.0,1.82,19.2,3.9,1.1
33486,12,10,0,4.4,32,32,182.0,200,92,89,19,65,155,1.46,0.268,0.316,811.0,3.93,7.7,3.2,0.9
33561,8,4,8,2.15,63,0,67.0,50,18,16,3,36,111,1.28,0.199,0.343,287.0,2.08,14.9,4.8,0.4
33720,4,11,27,3.33,61,0,46.0,32,20,17,4,43,79,1.63,0.188,0.322,213.0,3.7,15.5,8.4,0.8
33775,2,3,33,1.94,54,0,51.0,36,12,11,4,23,84,1.16,0.19,0.317,212.0,2.28,14.8,4.1,0.7
33789,4,2,5,1.59,40,0,79.0,51,16,14,7,12,83,0.8,0.177,0.222,300.0,2.71,9.5,1.4,0.8
33860,3,4,5,4.7,62,0,59.3,63,34,31,5,33,65,1.62,0.261,0.339,274.0,3.77,9.9,5.0,0.8
33867,4,3,0,4.31,52,0,96.0,82,51,46,8,42,100,1.29,0.222,0.282,412.0,3.51,9.4,3.9,0.8
33879,3,1,1,4.75,18,0,30.3,18,16,16,7,18,46,1.19,0.165,0.196,127.0,4.95,13.7,5.3,2.1
33884,7,4,1,3.39,63,0,77.0,52,33,29,5,54,127,1.38,0.184,0.311,337.0,2.85,14.8,6.3,0.6
33920,13,9,0,3.67,35,5,159.3,128,65,65,19,47,193,1.1,0.211,0.277,653.0,3.21,10.9,2.7,1.1
33929,0,5,2,4.83,58,14,78.3,65,45,42,8,52,88,1.49,0.217,0.279,352.0,4.27,10.1,6.0,0.9
33993,3,4,0,4.21,48,0,94.0,84,45,44,13,40,111,1.32,0.23,0.293,406.0,3.91,10.6,3.8,1.2
34002,4,2,5,3.38,49,0,50.7,52,20,19,4,17,70,1.36,0.255,0.369,221.0,2.47,12.4,3.0,0.7
34045,7,4,3,3.64,54,0,76.7,70,36,31,10,17,110,1.13,0.233,0.333,317.0,2.69,12.9,2.0,1.2
34082,5,4,0,5.33,39,0,50.7,47,30,30,11,18,73,1.28,0.236,0.313,217.0,4.21,13.0,3.2,2.0
34102,7,4,2,4.11,48,0,72.3,59,34,33,9,45,74,1.44,0.214,0.259,321.0,4.64,9.2,5.6,1.1
34109,15,12,0,4.52,32,32,207.0,185,108,104,34,67,234,1.22,0.23,0.281,873.0,4.05,10.2,2.9,1.5
34135,75,87,25,143.62999999999997,1559,10,2223.7,2365,1329,1243,378,994,2276,43.44,0.262,0.311,10030.0,4.7,9.2,4.0,1.5
34138,6,3,2,4.12,58,0,83.0,68,42,38,9,33,110,1.22,0.215,0.298,350.0,3.15,11.9,3.6,1.0
34143,2,2,1,3.52,49,0,79.3,68,34,31,11,32,112,1.26,0.222,0.311,338.0,3.39,12.7,3.6,1.2
34187,13,13,0,5.26,32,32,186.7,227,126,109,20,57,148,1.52,0.288,0.334,844.0,3.92,7.1,2.7,1.0
34189,2,2,3,3.39,49,0,74.3,62,28,28,4,31,88,1.25,0.218,0.301,316.0,2.78,10.7,3.8,0.5
34218,8,1,0,4.02,58,0,71.7,46,33,32,14,50,130,1.34,0.176,0.274,311.0,4.2,16.3,6.3,1.8
34222,303,376,1,130.95000000000002,971,970,5665.2,6053,3020,2809,814,1312,5031,37.940000000000005,0.263,0.305,24360.0,3.99,8.0,2.1,1.3
34287,9,13,0,4.46,33,33,197.7,211,106,98,24,55,216,1.35,0.262,0.332,859.0,3.43,9.8,2.5,1.1
34291,9,7,0,4.92,33,0,157.3,178,93,86,26,42,125,1.4,0.274,0.305,692.0,4.56,7.2,2.4,1.5
34292,18,9,0,3.47,34,34,205.0,188,80,79,18,59,223,1.2,0.234,0.302,862.0,3.03,9.8,2.6,0.8
34309,3,1,10,2.38,47,0,56.7,36,15,15,7,15,78,0.9,0.175,0.24,221.0,2.85,12.4,2.4,1.1
34315,7,10,0,5.2,32,32,194.0,196,125,112,33,67,225,1.36,0.252,0.313,845.0,4.13,10.4,3.1,1.5
34333,0,0,0,13.5,1,0,0.7,2,1,1,1,0,0,3.0,0.5,0.333,4.0,21.77,0.0,0.0,12.9
34373,16,9,0,5.64,33,33,167.7,167,107,105,15,100,151,1.59,0.249,0.302,770.0,4.35,8.1,5.4,0.8
34395,1,2,38,3.11,61,0,55.0,39,19,19,3,28,77,1.22,0.191,0.29,232.0,2.64,12.6,4.6,0.5
34433,3,0,4,2.43,64,0,74.0,67,22,20,4,43,94,1.49,0.232,0.33,332.0,3.11,11.4,5.2,0.5
34472,0,0,0,54.0,1,0,0.3,3,2,2,0,1,0,12.0,0.75,0.75,5.0,13.2,0.0,30.0,0.0
34631,3,0,3,4.74,34,0,87.3,72,56,46,21,39,114,1.27,0.216,0.256,373.0,5.06,11.8,4.0,2.2
34693,4,17,0,7.27,30,30,137.3,176,115,111,22,66,107,1.76,0.299,0.336,654.0,5.17,7.0,4.3,1.4
34727,8,9,0,6.34,35,35,171.7,212,135,121,22,59,173,1.58,0.292,0.357,786.0,3.88,9.1,3.1,1.2
34788,0,2,0,3.98,44,0,74.7,66,36,33,8,37,101,1.38,0.228,0.32,327.0,3.37,12.2,4.5,1.0
34872,7,15,0,3.96,33,33,207.0,191,96,91,22,55,192,1.19,0.235,0.283,867.0,3.52,8.3,2.4,1.0
34994,6,6,34,4.91,62,0,58.7,48,33,32,1,49,84,1.65,0.214,0.338,273.0,3.06,12.9,7.5,0.2
35076,10,8,0,3.59,32,32,190.3,171,84,76,14,86,204,1.35,0.23,0.3,828.0,3.37,9.6,4.1,0.7
35274,4,4,2,2.71,52,0,83.0,68,25,25,11,32,94,1.2,0.215,0.269,349.0,3.81,10.2,3.5,1.2
35291,8,4,2,2.73,69,0,95.7,65,31,29,10,27,88,0.96,0.185,0.217,379.0,3.57,8.3,2.5,0.9
35318,2,0,1,3.59,32,0,67.7,56,30,27,5,40,74,1.42,0.216,0.283,299.0,3.75,9.8,5.3,0.7
35365,18,7,0,4.26,34,34,200.7,176,101,95,26,76,181,1.26,0.226,0.263,854.0,4.22,8.1,3.4,1.2
35408,6,2,1,3.82,43,0,63.7,56,28,27,6,25,72,1.27,0.227,0.296,272.0,3.34,10.2,3.5,0.8
35412,11,6,0,5.29,31,31,190.7,220,117,112,18,62,171,1.48,0.278,0.335,854.0,3.61,8.1,2.9,0.8
35431,11,15,0,3.87,37,37,216.3,215,107,93,17,63,184,1.29,0.249,0.299,927.0,3.39,7.7,2.6,0.7
35441,3,1,0,6.27,35,0,51.7,73,37,36,6,8,65,1.57,0.32,0.427,236.0,2.66,11.3,1.4,1.0
35472,1,1,2,4.34,30,0,64.3,67,31,31,6,39,67,1.65,0.258,0.326,299.0,4.15,9.4,5.5,0.8
35496,7,3,4,3.74,48,0,67.3,59,30,28,9,28,86,1.29,0.226,0.301,289.0,3.63,11.5,3.7,1.2
35585,3,5,1,4.61,50,0,68.3,67,40,35,11,33,79,1.46,0.246,0.308,305.0,4.43,10.4,4.3,1.4
35642,9,11,0,5.13,32,32,186.0,200,112,106,33,49,166,1.34,0.264,0.299,807.0,4.51,8.0,2.4,1.6
35807,4,0,0,5.06,37,0,58.7,78,35,33,5,40,63,2.01,0.307,0.392,294.0,4.21,9.7,6.1,0.8
36072,3,0,0,5.4,33,0,78.3,91,53,47,8,39,79,1.66,0.279,0.347,365.0,4.0,9.1,4.5,0.9
36202,4,2,1,3.23,59,0,94.7,77,34,34,8,54,129,1.38,0.213,0.308,415.0,3.28,12.3,5.1,0.8
36235,14,10,0,4.41,33,33,212.3,216,111,104,28,53,214,1.27,0.253,0.308,906.0,3.65,9.1,2.2,1.2
36241,4,2,3,4.39,59,0,84.0,97,46,41,9,47,97,1.71,0.278,0.362,396.0,3.96,10.4,5.0,1.0
36850,11,9,0,4.9,31,31,174.7,159,98,95,25,55,180,1.23,0.233,0.28,738.0,3.94,9.3,2.8,1.3
36853,279,425,0,135.03,991,991,5922.0,6152,3301,3039,716,2089,5244,40.57999999999999,0.257,0.303,26007.0,4.06,8.0,3.2,1.1
36856,20,8,0,3.93,33,33,222.3,233,104,97,25,55,206,1.3,0.259,0.311,955.0,3.55,8.3,2.2,1.0
36859,4,4,9,2.43,53,0,63.0,37,17,17,4,22,79,0.94,0.164,0.231,248.0,2.57,11.3,3.1,0.6
36890,7,2,1,4.52,53,0,97.7,100,50,49,19,31,120,1.34,0.254,0.319,424.0,4.22,11.1,2.9,1.8
36898,20,7,0,2.54,33,33,205.7,156,72,58,20,34,207,0.92,0.202,0.249,807.0,2.95,9.1,1.5,0.9
37216,5,3,37,3.07,59,0,58.7,36,20,20,9,34,112,1.19,0.17,0.297,246.0,3.11,17.2,5.2,1.4
37231,6,5,40,2.48,56,0,54.3,45,15,15,6,25,77,1.29,0.216,0.312,233.0,3.18,12.8,4.1,1.0
37588,4,3,30,3.13,53,0,46.0,41,18,16,4,30,61,1.54,0.229,0.325,209.0,3.63,11.9,5.9,0.8
37637,2,4,0,4.08,28,0,46.3,37,25,21,6,15,60,1.12,0.21,0.282,191.0,3.26,11.7,2.9,1.2
37662,7,6,5,5.22,50,0,50.0,40,29,29,7,37,74,1.54,0.211,0.303,227.0,4.28,13.3,6.7,1.3
37836,19,8,0,3.86,33,33,212.3,226,95,91,34,48,236,1.29,0.262,0.324,911.0,3.74,10.0,2.0,1.4
37880,13,9,0,3.11,35,35,191.0,155,73,66,20,111,240,1.39,0.213,0.288,839.0,3.79,11.3,5.2,0.9
38291,3,3,6,3.36,60,0,56.3,52,23,21,2,24,73,1.35,0.235,0.342,245.0,2.35,11.7,3.8,0.3
38362,2,0,3,1.26,46,0,78.7,53,14,11,6,27,102,1.02,0.183,0.26,316.0,2.63,11.7,3.1,0.7
38492,13,9,0,4.56,32,32,183.7,203,106,93,19,70,148,1.49,0.269,0.313,824.0,4.08,7.3,3.4,0.9
38677,10,8,0,4.73,32,32,177.0,170,98,93,28,63,144,1.32,0.243,0.268,764.0,4.7,7.3,3.2,1.4
38909,11,7,0,4.16,33,33,190.3,184,98,88,24,66,142,1.31,0.244,0.272,821.0,4.39,6.7,3.1,1.1
39776,9,2,2,4.47,71,0,104.7,106,54,52,10,48,145,1.47,0.252,0.362,468.0,3.05,12.5,4.1,0.9
